INSERT INTO Staat (Name, Bezeichnung) VALUES ('Germany', 'Deutschland');
INSERT INTO Staat (Name, Bezeichnung) VALUES ('France', 'France');
INSERT INTO Staat (Name, Bezeichnung) VALUES ('Italy', 'Italia');
INSERT INTO Staat (Name, Bezeichnung) VALUES ('Spain', 'España');
INSERT INTO Staat (Name, Bezeichnung) VALUES ('USA', 'United States');
INSERT INTO Staat (Name, Bezeichnung) VALUES ('Canada', 'Canada');
INSERT INTO Staat (Name, Bezeichnung) VALUES ('UK', 'United Kingdom');
INSERT INTO Staat (Name, Bezeichnung) VALUES ('Australia', 'Australia');
INSERT INTO Staat (Name, Bezeichnung) VALUES ('Japan', '日本');
INSERT INTO Staat (Name, Bezeichnung) VALUES ('China', '中国');

INSERT INTO Ort (PLZ, Ort) VALUES (10115, 'Berlin');
INSERT INTO Ort (PLZ, Ort) VALUES (75001, 'Paris');
INSERT INTO Ort (PLZ, Ort) VALUES (00184, 'Rome');
INSERT INTO Ort (PLZ, Ort) VALUES (28001, 'Madrid');
INSERT INTO Ort (PLZ, Ort) VALUES (10001, 'New York');
INSERT INTO Ort (PLZ, Ort) VALUES (10111, 'Toronto');
INSERT INTO Ort (PLZ, Ort) VALUES (10112, 'London');
INSERT INTO Ort (PLZ, Ort) VALUES (2000, 'Sydney');
INSERT INTO Ort (PLZ, Ort) VALUES (100-0001, 'Tokyo');
INSERT INTO Ort (PLZ, Ort) VALUES (100000, 'Beijing');

INSERT INTO Mitarbeiter (Vorname, Nachname, Gehalt, Arbeitet_in_Filiale_Id) VALUES ('John', 'Doe', 50000, 1);
INSERT INTO Mitarbeiter (Vorname, Nachname, Gehalt, Arbeitet_in_Filiale_Id) VALUES ('Jane', 'Smith', 55000, 2);
INSERT INTO Mitarbeiter (Vorname, Nachname, Gehalt, Arbeitet_in_Filiale_Id) VALUES ('Alice', 'Johnson', 60000, 3);
INSERT INTO Mitarbeiter (Vorname, Nachname, Gehalt, Arbeitet_in_Filiale_Id) VALUES ('Bob', 'Brown', 45000, 4);
INSERT INTO Mitarbeiter (Vorname, Nachname, Gehalt, Arbeitet_in_Filiale_Id) VALUES ('Charlie', 'Davis', 70000, 5);
INSERT INTO Mitarbeiter (Vorname, Nachname, Gehalt, Arbeitet_in_Filiale_Id) VALUES ('David', 'Wilson', 48000, 6);
INSERT INTO Mitarbeiter (Vorname, Nachname, Gehalt, Arbeitet_in_Filiale_Id) VALUES ('Eve', 'Moore', 52000, 7);
INSERT INTO Mitarbeiter (Vorname, Nachname, Gehalt, Arbeitet_in_Filiale_Id) VALUES ('Frank', 'Taylor', 53000, 8);
INSERT INTO Mitarbeiter (Vorname, Nachname, Gehalt, Arbeitet_in_Filiale_Id) VALUES ('Grace', 'Anderson', 59000, 9);
INSERT INTO Mitarbeiter (Vorname, Nachname, Gehalt, Arbeitet_in_Filiale_Id) VALUES ('Hank', 'Thomas', 62000, 10);

INSERT INTO Art (Name, Beschreibung) VALUES ('Mammal', 'Warm-blooded animal');
INSERT INTO Art (Name, Beschreibung) VALUES ('Bird', 'Feathered animal');
INSERT INTO Art (Name, Beschreibung) VALUES ('Reptile', 'Cold-blooded animal');
INSERT INTO Art (Name, Beschreibung) VALUES ('Fish', 'Aquatic animal');
INSERT INTO Art (Name, Beschreibung) VALUES ('Amphibian', 'Lives both in water and on land');
INSERT INTO Art (Name, Beschreibung) VALUES ('Insect', 'Small invertebrate animal');
INSERT INTO Art (Name, Beschreibung) VALUES ('Arachnid', 'Eight-legged animal');
INSERT INTO Art (Name, Beschreibung) VALUES ('Crustacean', 'Aquatic arthropod');
INSERT INTO Art (Name, Beschreibung) VALUES ('Mollusk', 'Soft-bodied animal');
INSERT INTO Art (Name, Beschreibung) VALUES ('Annelid', 'Segmented worm');

INSERT INTO Futter (Name, Preis_kg) VALUES ('Dog Food', 3.5);
INSERT INTO Futter (Name, Preis_kg) VALUES ('Cat Food', 4.0);
INSERT INTO Futter (Name, Preis_kg) VALUES ('Bird Seed', 2.0);
INSERT INTO Futter (Name, Preis_kg) VALUES ('Fish Flakes', 5.0);
INSERT INTO Futter (Name, Preis_kg) VALUES ('Reptile Pellets', 6.0);
INSERT INTO Futter (Name, Preis_kg) VALUES ('Insect Feed', 1.5);
INSERT INTO Futter (Name, Preis_kg) VALUES ('Rabbit Food', 3.0);
INSERT INTO Futter (Name, Preis_kg) VALUES ('Horse Feed', 7.0);
INSERT INTO Futter (Name, Preis_kg) VALUES ('Pig Feed', 2.5);
INSERT INTO Futter (Name, Preis_kg) VALUES ('Sheep Feed', 3.2);

INSERT INTO Tier (Name, Futter_Name, Groesse_cm, Gewicht_kg, Art_Art_Id) VALUES ('Dog', 'Dog Food', 60, 25.0, 1);
INSERT INTO Tier (Name, Futter_Name, Groesse_cm, Gewicht_kg, Art_Art_Id) VALUES ('Cat', 'Cat Food', 30, 5.0, 1);
INSERT INTO Tier (Name, Futter_Name, Groesse_cm, Gewicht_kg, Art_Art_Id) VALUES ('Parrot', 'Bird Seed', 25, 0.5, 2);
INSERT INTO Tier (Name, Futter_Name, Groesse_cm, Gewicht_kg, Art_Art_Id) VALUES ('Goldfish', 'Fish Flakes', 10, 0.1, 4);
INSERT INTO Tier (Name, Futter_Name, Groesse_cm, Gewicht_kg, Art_Art_Id) VALUES ('Iguana', 'Reptile Pellets', 100, 5.0, 3);
INSERT INTO Tier (Name, Futter_Name, Groesse_cm, Gewicht_kg, Art_Art_Id) VALUES ('Rabbit', 'Rabbit Food', 40, 2.0, 1);
INSERT INTO Tier (Name, Futter_Name, Groesse_cm, Gewicht_kg, Art_Art_Id) VALUES ('Horse', 'Horse Feed', 150, 500.0, 1);
INSERT INTO Tier (Name, Futter_Name, Groesse_cm, Gewicht_kg, Art_Art_Id) VALUES ('Pig', 'Pig Feed', 100, 200.0, 1);
INSERT INTO Tier (Name, Futter_Name, Groesse_cm, Gewicht_kg, Art_Art_Id) VALUES ('Sheep', 'Sheep Feed', 90, 70.0, 1);
INSERT INTO Tier (Name, Futter_Name, Groesse_cm, Gewicht_kg, Art_Art_Id) VALUES ('Spider', 'Insect Feed', 5, 0.02, 7);

INSERT INTO Filiale (Name, Manager_Id, StraßeUndHausnummer, Ort_PLZ, Ort_Ort, Staat_Id) VALUES ('Berlin Branch', 1, 'Alexanderplatz 1', 10115, 'Berlin', 1);
INSERT INTO Filiale (Name, Manager_Id, StraßeUndHausnummer, Ort_PLZ, Ort_Ort, Staat_Id) VALUES ('Paris Branch', 2, 'Champs-Élysées 2', 75001, 'Paris', 2);
INSERT INTO Filiale (Name, Manager_Id, StraßeUndHausnummer, Ort_PLZ, Ort_Ort, Staat_Id) VALUES ('Rome Branch', 3, 'Via del Corso 3', 00184, 'Rome', 3);
INSERT INTO Filiale (Name, Manager_Id, StraßeUndHausnummer, Ort_PLZ, Ort_Ort, Staat_Id) VALUES ('Madrid Branch', 4, 'Gran Vía 4', 28001, 'Madrid', 4);
INSERT INTO Filiale (Name, Manager_Id, StraßeUndHausnummer, Ort_PLZ, Ort_Ort, Staat_Id) VALUES ('New York Branch', 5, '5th Avenue 5', 10001, 'New York', 5);
INSERT INTO Filiale (Name, Manager_Id, StraßeUndHausnummer, Ort_PLZ, Ort_Ort, Staat_Id) VALUES ('Toronto Branch', 6, 'Bay Street 6', 10111, 'Toronto', 6);
INSERT INTO Filiale (Name, Manager_Id, StraßeUndHausnummer, Ort_PLZ, Ort_Ort, Staat_Id) VALUES ('London Branch', 7, 'Oxford Street 7', 10112, 'London', 7);
INSERT INTO Filiale (Name, Manager_Id, StraßeUndHausnummer, Ort_PLZ, Ort_Ort, Staat_Id) VALUES ('Sydney Branch', 8, 'George Street 8', 2000, 'Sydney', 8);
INSERT INTO Filiale (Name, Manager_Id, StraßeUndHausnummer, Ort_PLZ, Ort_Ort, Staat_Id) VALUES ('Tokyo Branch', 9, 'Shibuya 9', 100-0001, 'Tokyo', 9);
INSERT INTO Filiale (Name, Manager_Id, StraßeUndHausnummer, Ort_PLZ, Ort_Ort, Staat_Id) VALUES ('Beijing Branch', 10, 'Wangfujing 10', 100000, 'Beijing', 10);

INSERT INTO Tier_ist_in_Filiale (Filiale_Id, Tier_Name, Anzahl) VALUES (1, 'Dog', 10);
INSERT INTO Tier_ist_in_Filiale (Filiale_Id, Tier_Name, Anzahl) VALUES (2, 'Cat', 15);
INSERT INTO Tier_ist_in_Filiale (Filiale_Id, Tier_Name, Anzahl) VALUES (3, 'Parrot', 5);
INSERT INTO Tier_ist_in_Filiale (Filiale_Id, Tier_Name, Anzahl) VALUES (4, 'Goldfish', 20);
INSERT INTO Tier_ist_in_Filiale (Filiale_Id, Tier_Name, Anzahl) VALUES (5, 'Iguana', 3);
INSERT INTO Tier_ist_in_Filiale (Filiale_Id, Tier_Name, Anzahl) VALUES (6, 'Rabbit', 8);
INSERT INTO Tier_ist_in_Filiale (Filiale_Id, Tier_Name, Anzahl) VALUES (7, 'Horse', 2);
INSERT INTO Tier_ist_in_Filiale (Filiale_Id, Tier_Name, Anzahl) VALUES (8, 'Pig', 4);
INSERT INTO Tier_ist_in_Filiale (Filiale_Id, Tier_Name, Anzahl) VALUES (9, 'Sheep', 6);
INSERT INTO Tier_ist_in_Filiale (Filiale_Id, Tier_Name, Anzahl) VALUES (10, 'Spider', 12);

INSERT INTO Filiale_hat_Futter (Filiale_Id, Futter_Name, Gewicht_Gramm) VALUES (1, 'Dog Food', 10000);
INSERT INTO Filiale_hat_Futter (Filiale_Id, Futter_Name, Gewicht_Gramm) VALUES (2, 'Cat Food', 8000);
INSERT INTO Filiale_hat_Futter (Filiale_Id, Futter_Name, Gewicht_Gramm) VALUES (3, 'Bird Seed', 5000);
INSERT INTO Filiale_hat_Futter (Filiale_Id, Futter_Name, Gewicht_Gramm) VALUES (4, 'Fish Flakes', 2000);
INSERT INTO Filiale_hat_Futter (Filiale_Id, Futter_Name, Gewicht_Gramm) VALUES (5, 'Reptile Pellets', 3000);
INSERT INTO Filiale_hat_Futter (Filiale_Id, Futter_Name, Gewicht_Gramm) VALUES (6, 'Insect Feed', 1500);
INSERT INTO Filiale_hat_Futter (Filiale_Id, Futter_Name, Gewicht_Gramm) VALUES (7, 'Rabbit Food', 4000);
INSERT INTO Filiale_hat_Futter (Filiale_Id, Futter_Name, Gewicht_Gramm) VALUES (8, 'Horse Feed', 7000);
INSERT INTO Filiale_hat_Futter (Filiale_Id, Futter_Name, Gewicht_Gramm) VALUES (9, 'Pig Feed', 6000);
INSERT INTO Filiale_hat_Futter (Filiale_Id, Futter_Name, Gewicht_Gramm) VALUES (10, 'Sheep Feed', 5000);

INSERT INTO Kunde (Vorname, Nachname, Telefonnummer, Email, StraßeUndHausnummer, Staat_Id, Ort_PLZ, Ort_Ort) VALUES ('Max', 'Mustermann', '1234567890', 'max@example.com', 'Musterstraße 1', 1, 10115, 'Berlin');
INSERT INTO Kunde (Vorname, Nachname, Telefonnummer, Email, StraßeUndHausnummer, Staat_Id, Ort_PLZ, Ort_Ort) VALUES ('Marie', 'Curie', '0987654321', 'marie@example.com', 'Curie Street 2', 2, 75001, 'Paris');
INSERT INTO Kunde (Vorname, Nachname, Telefonnummer, Email, StraßeUndHausnummer, Staat_Id, Ort_PLZ, Ort_Ort) VALUES ('Leonardo', 'da Vinci', '1122334455', 'leo@example.com', 'Vinci Road 3', 3, 00184, 'Rome');
INSERT INTO Kunde (Vorname, Nachname, Telefonnummer, Email, StraßeUndHausnummer, Staat_Id, Ort_PLZ, Ort_Ort) VALUES ('Miguel', 'de Cervantes', '2233445566', 'miguel@example.com', 'Cervantes Avenue 4', 4, 28001, 'Madrid');
INSERT INTO Kunde (Vorname, Nachname, Telefonnummer, Email, StraßeUndHausnummer, Staat_Id, Ort_PLZ, Ort_Ort) VALUES ('John', 'Doe', '3344556677', 'john@example.com', 'Doe Street 5', 5, 10001, 'New York');
INSERT INTO Kunde (Vorname, Nachname, Telefonnummer, Email, StraßeUndHausnummer, Staat_Id, Ort_PLZ, Ort_Ort) VALUES ('Jane', 'Smith', '4455667788', 'jane@example.com', 'Smith Road 6', 6, 10111, 'Toronto');
INSERT INTO Kunde (Vorname, Nachname, Telefonnummer, Email, StraßeUndHausnummer, Staat_Id, Ort_PLZ, Ort_Ort) VALUES ('William', 'Shakespeare', '5566778899', 'william@example.com', 'Shakespeare Lane 7', 7, 10112, 'London');
INSERT INTO Kunde (Vorname, Nachname, Telefonnummer, Email, StraßeUndHausnummer, Staat_Id, Ort_PLZ, Ort_Ort) VALUES ('Ned', 'Kelly', '6677889900', 'ned@example.com', 'Kelly Street 8', 8, 2000, 'Sydney');
INSERT INTO Kunde (Vorname, Nachname, Telefonnummer, Email, StraßeUndHausnummer, Staat_Id, Ort_PLZ, Ort_Ort) VALUES ('Hiroshi', 'Tanaka', '7788990011', 'hiroshi@example.com', 'Tanaka Road 9', 9, 100-0001, 'Tokyo');
INSERT INTO Kunde (Vorname, Nachname, Telefonnummer, Email, StraßeUndHausnummer, Staat_Id, Ort_PLZ, Ort_Ort) VALUES ('Li', 'Wei', '8899001122', 'li@example.com', 'Wei Street 10', 10, 100000, 'Beijing');

INSERT INTO Bestellung (Kunde_Id, Filiale_Id) VALUES (1, 1);
INSERT INTO Bestellung (Kunde_Id, Filiale_Id) VALUES (2, 2);
INSERT INTO Bestellung (Kunde_Id, Filiale_Id) VALUES (3, 3);
INSERT INTO Bestellung (Kunde_Id, Filiale_Id) VALUES (4, 4);
INSERT INTO Bestellung (Kunde_Id, Filiale_Id) VALUES (5, 5);
INSERT INTO Bestellung (Kunde_Id, Filiale_Id) VALUES (6, 6);
INSERT INTO Bestellung (Kunde_Id, Filiale_Id) VALUES (7, 7);
INSERT INTO Bestellung (Kunde_Id, Filiale_Id) VALUES (8, 8);
INSERT INTO Bestellung (Kunde_Id, Filiale_Id) VALUES (9, 9);
INSERT INTO Bestellung (Kunde_Id, Filiale_Id) VALUES (10, 10);

INSERT INTO Bestellung_hat_Tier (Bestellung_Id, Tier_Name) VALUES (1, 'Dog');
INSERT INTO Bestellung_hat_Tier (Bestellung_Id, Tier_Name) VALUES (2, 'Cat');
INSERT INTO Bestellung_hat_Tier (Bestellung_Id, Tier_Name) VALUES (3, 'Parrot');
INSERT INTO Bestellung_hat_Tier (Bestellung_Id, Tier_Name) VALUES (4, 'Goldfish');
INSERT INTO Bestellung_hat_Tier (Bestellung_Id, Tier_Name) VALUES (5, 'Iguana');
INSERT INTO Bestellung_hat_Tier (Bestellung_Id, Tier_Name) VALUES (6, 'Rabbit');
INSERT INTO Bestellung_hat_Tier (Bestellung_Id, Tier_Name) VALUES (7, 'Horse');
INSERT INTO Bestellung_hat_Tier (Bestellung_Id, Tier_Name) VALUES (8, 'Pig');
INSERT INTO Bestellung_hat_Tier (Bestellung_Id, Tier_Name) VALUES (9, 'Sheep');
INSERT INTO Bestellung_hat_Tier (Bestellung_Id, Tier_Name) VALUES (10, 'Spider');

INSERT INTO Bestellung_hat_Futter (Bestellung_Id, Futter_Name) VALUES (1, 'Dog Food');
INSERT INTO Bestellung_hat_Futter (Bestellung_Id, Futter_Name) VALUES (2, 'Cat Food');
INSERT INTO Bestellung_hat_Futter (Bestellung_Id, Futter_Name) VALUES (3, 'Bird Seed');
INSERT INTO Bestellung_hat_Futter (Bestellung_Id, Futter_Name) VALUES (4, 'Fish Flakes');
INSERT INTO Bestellung_hat_Futter (Bestellung_Id, Futter_Name) VALUES (5, 'Reptile Pellets');
INSERT INTO Bestellung_hat_Futter (Bestellung_Id, Futter_Name) VALUES (6, 'Insect Feed');
INSERT INTO Bestellung_hat_Futter (Bestellung_Id, Futter_Name) VALUES (7, 'Rabbit Food');
INSERT INTO Bestellung_hat_Futter (Bestellung_Id, Futter_Name) VALUES (8, 'Horse Feed');
INSERT INTO Bestellung_hat_Futter (Bestellung_Id, Futter_Name) VALUES (9, 'Pig Feed');
INSERT INTO Bestellung_hat_Futter (Bestellung_Id, Futter_Name) VALUES (10, 'Sheep Feed');
